ufid,courses,environment,group_size,study_style
10000000,STA2023|EEL3701|CDA3101,quiet,medium,focused
10000001,EEL3701|COP3502|PHY2048|CIS4930,lively,large,interactive
10000002,COP4600|PHY2048|EEL3701|MAC2311|CIS4930,lively,medium,casual
10000003,COP4600|EEL3701|STA2023|CIS4930,quiet,large,focused
10000004,COP3530|PHY2048|MAC2311|CDA3101,lively,small,casual
10000005,MAC2311|COP3502|CDA3101,quiet,large,interactive
10000006,CEN3031|COP4600|CDA3101|CIS4930,lively,medium,casual
10000007,COP3502|MAC2311|COP3530|CEN3031,quiet,small,focused
10000008,COP3502|CDA3101|CIS4930|COP3530,lively,small,focused
10000009,PHY2048|CDA3101|COP3530|EEL3701,quiet,medium,interactive
10000010,CIS4930|EEL3701|CEN3031|MAC2311,quiet,small,interactive
10000011,STA2023|MAC2311|EEL3701|COP3530|CEN3031,lively,small,focused
10000012,CIS4930|STA2023|CEN3031,moderate,large,casual
10000013,EEL3701|STA2023|CEN3031|CIS4930|PHY2048,quiet,medium,focused
10000014,CEN3031|CIS4930|COP3502,moderate,small,interactive
10000015,CDA3101|PHY2048|CEN3031|MAC2311|EEL3701,lively,large,interactive
10000016,CEN3031|PHY2048|EEL3701|COP4600|CDA3101,moderate,small,interactive
10000017,COP4600|MAC2311|PHY2048,moderate,small,focused
10000018,PHY2048|CEN3031|COP3502|EEL3701,quiet,large,focused
10000019,CDA3101|COP3530|CEN3031,quiet,small,interactive
10000020,COP3502|EEL3701|CEN3031|MAC2311|CIS4930,lively,large,interactive
10000021,COP3530|MAC2311|CIS4930|CEN3031,quiet,small,interactive
10000022,CEN3031|STA2023|CIS4930|COP4600,quiet,medium,casual
10000023,MAC2311|CDA3101|COP3502,moderate,medium,casual
10000024,STA2023|MAC2311|EEL3701|CDA3101|COP4600,lively,large,interactive
10000025,CEN3031|COP3502|EEL3701|PHY2048|MAC2311,lively,large,focused
10000026,CDA3101|COP3502|MAC2311,quiet,medium,focused
10000027,CIS4930|CEN3031|MAC2311|EEL3701,moderate,medium,focused
10000028,CIS4930|CDA3101|COP3502|STA2023,quiet,large,interactive
10000029,CIS4930|COP4600|COP3502,lively,medium,casual
10000030,MAC2311|PHY2048|COP4600|COP3502,moderate,large,focused
10000031,COP3502|COP3530|COP4600,moderate,medium,interactive
10000032,EEL3701|CIS4930|CEN3031|COP4600,lively,medium,interactive
10000033,COP3502|CIS4930|COP4600|CEN3031|PHY2048,quiet,large,casual
10000034,PHY2048|STA2023|CEN3031,moderate,small,casual
10000035,EEL3701|STA2023|CIS4930|CDA3101,lively,small,casual
10000036,PHY2048|MAC2311|CEN3031|COP4600,moderate,large,casual
10000037,EEL3701|CEN3031|COP4600|PHY2048|STA2023,lively,medium,casual
10000038,PHY2048|COP3502|STA2023,lively,large,focused
10000039,COP3502|CDA3101|STA2023|CEN3031|COP3530,moderate,small,interactive
10000040,CDA3101|PHY2048|COP3530|MAC2311|EEL3701,moderate,small,casual
10000041,MAC2311|COP4600|COP3502,quiet,small,interactive
10000042,CIS4930|EEL3701|CDA3101|COP4600|COP3502,quiet,large,casual
10000043,COP4600|EEL3701|CEN3031|PHY2048,moderate,large,interactive
10000044,CEN3031|PHY2048|STA2023|CDA3101|COP4600,lively,large,interactive
10000045,COP3502|EEL3701|PHY2048|CIS4930,moderate,large,interactive
10000046,MAC2311|COP4600|PHY2048|EEL3701,lively,medium,interactive
10000047,EEL3701|COP3502|COP3530|COP4600,quiet,large,focused
10000048,COP3530|CIS4930|EEL3701,moderate,large,focused
10000049,CDA3101|COP3502|MAC2311,moderate,medium,interactive
10000050,STA2023|COP3530|CDA3101|COP3502,lively,small,interactive
10000051,PHY2048|CIS4930|CDA3101|STA2023,moderate,small,focused
10000052,PHY2048|COP4600|CIS4930,moderate,large,focused
10000053,MAC2311|COP3502|STA2023|CIS4930,moderate,medium,casual
10000054,PHY2048|CIS4930|STA2023|MAC2311|COP3502,moderate,small,casual
10000055,COP3502|CDA3101|EEL3701|COP4600|STA2023,moderate,large,interactive
10000056,CIS4930|CDA3101|MAC2311|STA2023|COP4600,moderate,large,casual
10000057,COP4600|PHY2048|COP3530|EEL3701|CIS4930,quiet,small,interactive
10000058,EEL3701|MAC2311|COP4600,moderate,large,interactive
10000059,CIS4930|PHY2048|CEN3031,quiet,medium,focused
10000060,STA2023|CEN3031|COP3502|CIS4930,quiet,small,casual
10000061,STA2023|COP3530|PHY2048,moderate,large,interactive
10000062,CDA3101|COP3502|CEN3031|COP4600,moderate,small,focused
10000063,MAC2311|COP3502|STA2023|COP3530,moderate,medium,casual
10000064,CIS4930|EEL3701|PHY2048,lively,large,interactive
10000065,COP3502|COP3530|CDA3101,quiet,large,casual
10000066,EEL3701|COP3530|MAC2311,lively,medium,interactive
10000067,MAC2311|PHY2048|CDA3101|EEL3701|COP3502,moderate,medium,casual
10000068,MAC2311|CIS4930|STA2023|CDA3101,quiet,large,focused
10000069,CDA3101|STA2023|PHY2048,quiet,medium,focused
10000070,PHY2048|COP3530|STA2023|EEL3701|CEN3031,moderate,large,casual
10000071,STA2023|CEN3031|COP3502,moderate,medium,interactive
10000072,MAC2311|COP4600|PHY2048,quiet,medium,focused
10000073,CEN3031|PHY2048|COP3530,moderate,small,casual
10000074,CDA3101|STA2023|COP4600|PHY2048|COP3530,lively,small,focused
10000075,COP3530|MAC2311|COP4600|COP3502,lively,small,focused
10000076,CEN3031|COP3530|PHY2048,quiet,small,focused
10000077,COP4600|STA2023|CDA3101|CIS4930,moderate,medium,focused
10000078,COP4600|MAC2311|PHY2048|EEL3701,quiet,small,focused
10000079,CIS4930|CEN3031|MAC2311,moderate,medium,interactive
10000080,CDA3101|COP3502|STA2023,lively,medium,casual
10000081,EEL3701|COP3530|COP3502|PHY2048,moderate,medium,interactive
10000082,COP3502|CDA3101|COP4600|CIS4930,lively,medium,focused
10000083,PHY2048|CDA3101|COP4600|CEN3031|COP3530,lively,medium,interactive
10000084,EEL3701|STA2023|COP3502,quiet,medium,focused
10000085,STA2023|COP3502|CEN3031,moderate,medium,casual
10000086,CDA3101|STA2023|CEN3031|MAC2311,moderate,large,casual
10000087,COP3502|COP3530|COP4600|CEN3031,quiet,large,focused
10000088,PHY2048|COP3530|EEL3701|CIS4930,moderate,medium,interactive
10000089,COP3502|MAC2311|CDA3101,moderate,large,focused
10000090,EEL3701|COP4600|COP3530,quiet,large,interactive
10000091,CEN3031|MAC2311|COP3502|PHY2048|STA2023,lively,medium,casual
10000092,STA2023|COP4600|CDA3101|CIS4930,lively,small,focused
10000093,CEN3031|COP3502|COP4600|COP3530|MAC2311,quiet,small,casual
10000094,STA2023|COP4600|MAC2311|PHY2048|CEN3031,moderate,large,casual
10000095,COP4600|STA2023|COP3502,quiet,small,focused
10000096,EEL3701|COP4600|STA2023,quiet,small,focused
10000097,COP4600|CIS4930|PHY2048|COP3502|STA2023,lively,large,casual
10000098,MAC2311|CIS4930|CEN3031|STA2023,moderate,small,interactive
10000099,COP3502|EEL3701|STA2023|CEN3031|MAC2311,lively,medium,focused
10000100,COP3502|EEL3701|CEN3031|CDA3101|COP3530,lively,large,interactive
10000101,MAC2311|STA2023|CDA3101|EEL3701|COP3502,lively,small,casual
10000102,COP4600|PHY2048|CIS4930|COP3502|MAC2311,lively,small,casual
10000103,EEL3701|MAC2311|COP4600|PHY2048|COP3530,lively,large,casual
10000104,CDA3101|COP4600|PHY2048|CIS4930,lively,small,focused
10000105,EEL3701|CDA3101|COP4600|MAC2311|CEN3031,lively,large,casual
10000106,CEN3031|CDA3101|STA2023|MAC2311|PHY2048,moderate,medium,interactive
10000107,COP3530|STA2023|CEN3031,moderate,small,interactive
10000108,CDA3101|COP3502|PHY2048|STA2023,quiet,medium,casual
10000109,COP3502|MAC2311|COP4600,moderate,medium,casual
10000110,COP3502|MAC2311|COP4600|COP3530,moderate,medium,interactive
10000111,COP4600|PHY2048|COP3502|STA2023|MAC2311,quiet,large,focused
10000112,COP4600|COP3502|PHY2048|CDA3101|MAC2311,quiet,medium,focused
10000113,CDA3101|STA2023|COP3502|PHY2048,moderate,large,focused
10000114,PHY2048|CIS4930|COP3530,moderate,medium,focused
10000115,CIS4930|COP4600|COP3502|CEN3031,lively,medium,casual
10000116,PHY2048|CIS4930|MAC2311,moderate,medium,interactive
10000117,COP3530|COP3502|PHY2048|COP4600,lively,small,interactive
10000118,MAC2311|CEN3031|CIS4930|COP3530|STA2023,moderate,small,casual
10000119,PHY2048|COP4600|CDA3101|EEL3701|COP3530,lively,large,casual
10000120,COP3530|EEL3701|CEN3031|PHY2048,quiet,small,interactive
10000121,COP4600|CIS4930|COP3502|PHY2048|CDA3101,quiet,small,focused
10000122,MAC2311|PHY2048|COP3530|CEN3031,moderate,medium,interactive
10000123,PHY2048|CIS4930|STA2023,moderate,large,casual
10000124,MAC2311|COP3530|CDA3101|STA2023,quiet,medium,casual
10000125,CEN3031|EEL3701|COP3530|CDA3101,lively,large,focused
10000126,CIS4930|EEL3701|PHY2048,quiet,large,casual
10000127,CIS4930|EEL3701|PHY2048|COP3530,lively,large,interactive
10000128,CEN3031|STA2023|CIS4930|COP4600|CDA3101,moderate,medium,focused
10000129,STA2023|MAC2311|CEN3031,lively,small,focused
10000130,STA2023|COP3530|COP3502|PHY2048|COP4600,quiet,medium,casual
10000131,PHY2048|COP3502|MAC2311|COP3530|CIS4930,moderate,medium,interactive
10000132,CEN3031|STA2023|CDA3101|COP3502,quiet,large,casual
10000133,CDA3101|PHY2048|CEN3031,quiet,small,casual
10000134,EEL3701|STA2023|CEN3031,quiet,medium,interactive
10000135,MAC2311|COP3502|CEN3031,quiet,large,interactive
10000136,CEN3031|COP3502|CDA3101|MAC2311,moderate,small,interactive
10000137,COP3530|CDA3101|EEL3701,lively,medium,casual
10000138,CIS4930|PHY2048|MAC2311,moderate,small,focused
10000139,CDA3101|COP3502|PHY2048|STA2023|CEN3031,quiet,medium,focused
10000140,COP3530|MAC2311|COP3502,moderate,large,focused
10000141,CEN3031|CIS4930|CDA3101|EEL3701|STA2023,lively,medium,casual
10000142,PHY2048|COP3502|CDA3101,quiet,large,interactive
10000143,MAC2311|COP3502|COP4600|EEL3701,quiet,large,interactive
10000144,STA2023|COP3502|MAC2311|CDA3101|CIS4930,quiet,medium,casual
10000145,CDA3101|COP4600|STA2023|CEN3031,quiet,large,casual
10000146,COP3502|CIS4930|CDA3101|PHY2048,moderate,large,focused
10000147,COP3530|COP4600|EEL3701|STA2023,moderate,small,casual
10000148,CDA3101|CEN3031|COP3530,lively,small,interactive
10000149,CIS4930|COP4600|COP3530|CEN3031|PHY2048,lively,small,casual
10000150,STA2023|COP3502|EEL3701|CEN3031|COP3530,lively,small,interactive
10000151,CEN3031|EEL3701|COP3502|COP4600,moderate,small,focused
10000152,MAC2311|COP3502|CEN3031|COP3530,quiet,medium,casual
10000153,CIS4930|COP3530|CEN3031|STA2023,lively,large,interactive
10000154,STA2023|CEN3031|CIS4930|COP3530|COP4600,lively,small,casual
10000155,CIS4930|CEN3031|COP3502|COP3530,quiet,medium,focused
10000156,COP4600|CEN3031|CIS4930,moderate,small,focused
10000157,COP3502|CEN3031|STA2023,lively,medium,interactive
10000158,CIS4930|STA2023|MAC2311,moderate,medium,casual
10000159,CDA3101|CEN3031|COP4600|MAC2311,lively,medium,interactive
10000160,CEN3031|CDA3101|EEL3701,quiet,large,casual
10000161,CIS4930|EEL3701|STA2023|COP4600|PHY2048,moderate,small,focused
10000162,MAC2311|CEN3031|CDA3101|EEL3701|CIS4930,lively,large,focused
10000163,PHY2048|MAC2311|CDA3101|CIS4930,quiet,medium,focused
10000164,MAC2311|CIS4930|EEL3701|PHY2048|CDA3101,quiet,medium,casual
10000165,STA2023|COP3502|PHY2048,quiet,large,interactive
10000166,CIS4930|CDA3101|MAC2311,moderate,medium,casual
10000167,COP4600|CDA3101|EEL3701|COP3502,lively,medium,focused
10000168,COP3530|CDA3101|CEN3031|EEL3701|COP3502,moderate,large,casual
10000169,COP4600|MAC2311|COP3530|COP3502,quiet,large,focused
10000170,MAC2311|CEN3031|STA2023|CDA3101|PHY2048,moderate,large,casual
10000171,COP3502|CEN3031|STA2023|COP3530,lively,medium,casual
10000172,EEL3701|CDA3101|MAC2311,moderate,medium,casual
10000173,CIS4930|MAC2311|COP3502|CEN3031,lively,medium,casual
10000174,COP3530|CEN3031|MAC2311|PHY2048,moderate,large,casual
10000175,CDA3101|CEN3031|PHY2048|STA2023,lively,large,focused
10000176,COP3530|COP3502|STA2023|EEL3701,quiet,large,casual
10000177,COP3502|EEL3701|STA2023|PHY2048|CDA3101,quiet,large,interactive
10000178,CEN3031|COP4600|CIS4930,quiet,large,interactive
10000179,STA2023|EEL3701|COP3502,lively,small,casual
10000180,CIS4930|EEL3701|STA2023|CDA3101,quiet,large,focused
10000181,STA2023|EEL3701|PHY2048,lively,medium,casual
10000182,COP3502|COP3530|CDA3101|PHY2048|CIS4930,lively,small,focused
10000183,COP3502|COP3530|CDA3101,lively,small,focused
10000184,CIS4930|MAC2311|CEN3031,moderate,large,focused
10000185,EEL3701|STA2023|COP3502,moderate,medium,focused
10000186,COP3530|PHY2048|COP4600,lively,medium,focused
10000187,COP4600|CDA3101|STA2023|MAC2311|CEN3031,quiet,small,focused
10000188,CIS4930|EEL3701|MAC2311,lively,medium,casual
10000189,COP3502|EEL3701|PHY2048|CDA3101|CIS4930,lively,small,focused
10000190,COP4600|CIS4930|CDA3101|PHY2048,moderate,medium,focused
10000191,MAC2311|CEN3031|COP3530|PHY2048,moderate,medium,focused
10000192,CDA3101|COP3502|PHY2048|CIS4930,moderate,small,interactive
10000193,EEL3701|PHY2048|STA2023|COP3502,lively,large,interactive
10000194,COP3502|COP3530|CDA3101,moderate,medium,casual
10000195,CDA3101|CEN3031|EEL3701|MAC2311|COP4600,quiet,large,casual
10000196,CDA3101|COP3530|CEN3031|MAC2311|COP4600,lively,medium,interactive
10000197,EEL3701|CIS4930|COP3530|COP3502|STA2023,moderate,large,focused
10000198,CEN3031|CIS4930|PHY2048|COP3502,moderate,medium,focused
10000199,PHY2048|CDA3101|MAC2311,quiet,large,casual
10000200,EEL3701|COP4600|CDA3101|MAC2311|COP3530,quiet,small,focused
10000201,CDA3101|COP4600|COP3530|CIS4930,moderate,medium,focused
10000202,MAC2311|EEL3701|COP3502|PHY2048,lively,large,casual
10000203,COP3530|STA2023|CDA3101|CIS4930,quiet,large,focused
10000204,COP4600|MAC2311|EEL3701|CIS4930,quiet,small,casual
10000205,MAC2311|CIS4930|COP3502,moderate,large,casual
10000206,PHY2048|STA2023|COP3502,quiet,large,casual
10000207,CEN3031|PHY2048|MAC2311,quiet,large,interactive
10000208,EEL3701|COP4600|CIS4930|CEN3031|STA2023,moderate,medium,casual
10000209,PHY2048|COP4600|CEN3031,lively,small,focused
10000210,STA2023|COP3502|CDA3101|COP3530,quiet,large,focused
10000211,COP4600|PHY2048|COP3530|EEL3701,moderate,small,interactive
10000212,CIS4930|CEN3031|MAC2311,moderate,large,casual
10000213,COP4600|PHY2048|STA2023,lively,small,interactive
10000214,CDA3101|COP3530|EEL3701,quiet,small,focused
10000215,COP3502|STA2023|CIS4930|CDA3101,moderate,medium,casual
10000216,CDA3101|STA2023|PHY2048|MAC2311|EEL3701,quiet,large,interactive
10000217,COP3502|PHY2048|CIS4930|CEN3031|STA2023,quiet,medium,casual
10000218,CDA3101|MAC2311|COP4600,moderate,medium,interactive
10000219,CDA3101|COP3530|EEL3701|MAC2311|COP4600,moderate,medium,casual
10000220,COP3530|CIS4930|CEN3031,quiet,medium,interactive
10000221,EEL3701|COP3530|PHY2048|CDA3101,lively,small,interactive
10000222,PHY2048|CEN3031|CIS4930|MAC2311|CDA3101,quiet,large,interactive
10000223,STA2023|MAC2311|CIS4930|COP4600|PHY2048,quiet,large,interactive
10000224,EEL3701|CEN3031|COP3530,lively,small,focused
10000225,EEL3701|CEN3031|MAC2311,quiet,small,focused
10000226,COP4600|STA2023|PHY2048|COP3502,lively,medium,casual
10000227,COP4600|EEL3701|COP3502|MAC2311|STA2023,moderate,medium,casual
10000228,MAC2311|COP3502|COP3530,quiet,medium,casual
10000229,MAC2311|STA2023|CDA3101|COP3530|CIS4930,moderate,small,focused
10000230,STA2023|COP3502|CIS4930|COP4600|CDA3101,lively,large,focused
10000231,COP3530|CEN3031|STA2023|CIS4930|EEL3701,moderate,large,casual
10000232,MAC2311|CIS4930|EEL3701|COP3502,lively,medium,casual
10000233,COP4600|CDA3101|CIS4930,lively,small,interactive
10000234,COP3502|CDA3101|CIS4930,lively,small,focused
10000235,COP4600|CDA3101|CIS4930,quiet,large,casual
10000236,COP3530|STA2023|EEL3701,moderate,medium,interactive
10000237,CEN3031|STA2023|CDA3101,lively,small,casual
10000238,EEL3701|CDA3101|COP4600|STA2023|COP3530,quiet,medium,focused
10000239,STA2023|EEL3701|COP3530|COP4600|COP3502,lively,large,focused
10000240,PHY2048|CDA3101|CIS4930|COP3530|EEL3701,moderate,large,casual
10000241,STA2023|COP3530|CDA3101|COP4600,quiet,large,casual
10000242,CDA3101|MAC2311|COP4600|EEL3701|COP3502,lively,medium,casual
10000243,PHY2048|STA2023|MAC2311|CIS4930,quiet,small,casual
10000244,COP4600|CIS4930|EEL3701|COP3530|CEN3031,lively,small,interactive
10000245,MAC2311|CEN3031|EEL3701|CIS4930|COP3502,quiet,medium,casual
10000246,COP4600|STA2023|CIS4930|CEN3031,moderate,small,casual
10000247,PHY2048|CEN3031|MAC2311,quiet,small,focused
10000248,CDA3101|STA2023|CEN3031|COP3530,lively,medium,interactive
10000249,CDA3101|EEL3701|STA2023|CEN3031|CIS4930,moderate,medium,casual
10000250,COP3530|CEN3031|CDA3101,quiet,large,interactive
10000251,CDA3101|STA2023|COP4600|CIS4930|EEL3701,quiet,medium,casual
10000252,EEL3701|MAC2311|PHY2048,lively,medium,casual
10000253,CDA3101|EEL3701|COP3502,lively,large,focused
10000254,PHY2048|CDA3101|STA2023,moderate,large,focused
10000255,CIS4930|MAC2311|CEN3031|COP3502,quiet,small,casual
10000256,EEL3701|MAC2311|COP3530,lively,medium,casual
10000257,CDA3101|PHY2048|COP4600|EEL3701,moderate,medium,focused
10000258,CDA3101|CEN3031|COP3530|COP3502,moderate,large,casual
10000259,COP4600|CEN3031|EEL3701|COP3502|CIS4930,moderate,medium,interactive
10000260,CDA3101|STA2023|COP3530|CEN3031|CIS4930,lively,large,interactive
10000261,CIS4930|STA2023|PHY2048|EEL3701,lively,small,interactive
10000262,COP3530|CDA3101|MAC2311,lively,medium,casual
10000263,COP4600|CEN3031|PHY2048,lively,large,focused
10000264,MAC2311|PHY2048|EEL3701,lively,small,focused
10000265,PHY2048|CDA3101|CIS4930|EEL3701,quiet,small,focused
10000266,CEN3031|STA2023|CIS4930|CDA3101,moderate,large,casual
10000267,EEL3701|COP4600|STA2023,lively,medium,focused
10000268,STA2023|CEN3031|EEL3701|COP4600,moderate,medium,focused
10000269,EEL3701|COP3530|COP4600|PHY2048|CEN3031,quiet,large,focused
10000270,CIS4930|STA2023|EEL3701|COP3502|PHY2048,quiet,large,focused
10000271,MAC2311|COP4600|EEL3701|CEN3031|COP3530,moderate,medium,casual
10000272,COP4600|COP3502|CIS4930,lively,large,casual
10000273,PHY2048|MAC2311|EEL3701|COP3530|STA2023,quiet,large,casual
10000274,STA2023|EEL3701|PHY2048|MAC2311,lively,large,casual
10000275,STA2023|MAC2311|CIS4930|CEN3031,quiet,small,casual
10000276,MAC2311|COP3502|STA2023|COP3530,lively,large,focused
10000277,COP3530|COP4600|PHY2048|MAC2311,moderate,large,focused
10000278,COP3530|CIS4930|CDA3101|PHY2048|COP4600,quiet,medium,interactive
10000279,COP3530|PHY2048|EEL3701|CEN3031|CDA3101,moderate,medium,casual
10000280,STA2023|EEL3701|COP4600,lively,small,casual
10000281,CIS4930|MAC2311|CDA3101|EEL3701|COP3502,quiet,large,focused
10000282,MAC2311|CIS4930|PHY2048|CDA3101,lively,medium,focused
10000283,COP3530|MAC2311|COP4600|CDA3101,quiet,large,casual
10000284,MAC2311|CIS4930|CEN3031,moderate,small,interactive
10000285,COP3502|COP4600|COP3530,lively,small,casual
10000286,CEN3031|STA2023|PHY2048|COP4600|CIS4930,quiet,large,focused
10000287,CEN3031|EEL3701|STA2023|COP4600|CDA3101,moderate,medium,casual
10000288,COP3502|MAC2311|EEL3701,moderate,large,focused
10000289,COP4600|COP3502|CEN3031|CIS4930,moderate,small,casual
10000290,CDA3101|COP3530|STA2023|PHY2048,moderate,small,casual
10000291,CEN3031|PHY2048|CIS4930|EEL3701|STA2023,moderate,medium,casual
10000292,COP4600|CEN3031|COP3530|CDA3101|CIS4930,quiet,small,casual
10000293,COP4600|CDA3101|COP3530|COP3502,moderate,large,focused
10000294,COP3530|CIS4930|PHY2048|COP4600,lively,small,casual
10000295,CDA3101|COP4600|COP3502,quiet,medium,focused
10000296,COP3502|STA2023|COP4600|CIS4930,moderate,medium,interactive
10000297,COP4600|CDA3101|EEL3701|COP3530|CIS4930,moderate,small,focused
10000298,PHY2048|MAC2311|CIS4930,moderate,medium,focused
10000299,COP3502|STA2023|PHY2048|CDA3101,moderate,small,focused
10000300,CIS4930|EEL3701|STA2023,lively,small,interactive
10000301,COP3530|COP3502|CEN3031|COP4600,lively,small,interactive
10000302,CEN3031|MAC2311|CIS4930,quiet,small,interactive
10000303,COP3530|PHY2048|EEL3701,moderate,medium,casual
10000304,CEN3031|MAC2311|STA2023,quiet,large,interactive
10000305,STA2023|PHY2048|CDA3101,moderate,large,interactive
10000306,EEL3701|COP4600|CDA3101,quiet,large,interactive
10000307,EEL3701|PHY2048|COP3530,moderate,small,focused
10000308,CDA3101|EEL3701|PHY2048,lively,medium,interactive
10000309,PHY2048|MAC2311|STA2023|CIS4930,moderate,large,focused
10000310,CIS4930|COP3502|EEL3701|CDA3101|COP4600,lively,large,casual
10000311,COP3530|COP3502|CEN3031|CIS4930,quiet,large,casual
10000312,COP4600|PHY2048|EEL3701|CEN3031|COP3530,lively,small,interactive
10000313,STA2023|CEN3031|EEL3701|PHY2048|COP4600,quiet,small,casual
10000314,EEL3701|CEN3031|COP3530|CIS4930|PHY2048,lively,large,interactive
10000315,CIS4930|COP4600|CDA3101,lively,large,focused
10000316,CIS4930|PHY2048|STA2023|COP3530|CEN3031,quiet,small,focused
10000317,EEL3701|MAC2311|COP3530,lively,large,focused
10000318,CIS4930|EEL3701|COP3502,quiet,large,casual
10000319,CIS4930|EEL3701|COP3502|MAC2311,moderate,medium,casual
10000320,COP3530|EEL3701|CEN3031|CIS4930,lively,medium,interactive
10000321,EEL3701|PHY2048|CIS4930|MAC2311|CEN3031,moderate,medium,interactive
10000322,CDA3101|EEL3701|STA2023|COP3502,lively,medium,focused
10000323,PHY2048|STA2023|CIS4930|CDA3101|MAC2311,moderate,medium,interactive
10000324,EEL3701|STA2023|PHY2048,moderate,medium,focused
10000325,MAC2311|COP4600|CEN3031|CIS4930|EEL3701,lively,small,casual
10000326,COP3530|EEL3701|COP3502|STA2023|CIS4930,quiet,medium,focused
10000327,MAC2311|CDA3101|COP4600|CIS4930,moderate,small,casual
10000328,STA2023|COP3502|CIS4930,lively,small,interactive
10000329,PHY2048|CEN3031|STA2023,moderate,medium,focused
10000330,CIS4930|MAC2311|EEL3701|STA2023|CDA3101,moderate,large,focused
10000331,STA2023|PHY2048|CIS4930|COP3502|CDA3101,lively,large,focused
10000332,COP3502|COP3530|CEN3031|MAC2311,moderate,large,focused
10000333,CEN3031|PHY2048|COP3502|STA2023,lively,large,interactive
10000334,CIS4930|CDA3101|COP4600|PHY2048,lively,medium,interactive
10000335,CIS4930|PHY2048|STA2023|COP3530,quiet,medium,casual
10000336,CDA3101|COP3530|CIS4930|STA2023|PHY2048,moderate,large,casual
10000337,PHY2048|MAC2311|CEN3031|STA2023|EEL3701,moderate,large,interactive
10000338,PHY2048|STA2023|CIS4930|COP3502|CDA3101,quiet,medium,interactive
10000339,COP4600|EEL3701|MAC2311,lively,small,interactive
10000340,CIS4930|MAC2311|CEN3031|PHY2048,quiet,small,interactive
10000341,CDA3101|COP3502|COP4600|CIS4930|PHY2048,quiet,medium,casual
10000342,EEL3701|COP4600|CDA3101,lively,small,interactive
10000343,EEL3701|CIS4930|PHY2048|CDA3101|MAC2311,quiet,medium,interactive
10000344,STA2023|CIS4930|PHY2048,moderate,medium,casual
10000345,CEN3031|EEL3701|PHY2048|STA2023|CIS4930,moderate,small,casual
10000346,COP3502|CEN3031|CIS4930,quiet,medium,focused
10000347,STA2023|COP3502|MAC2311|PHY2048|CIS4930,quiet,medium,casual
10000348,STA2023|COP4600|COP3502,quiet,small,interactive
10000349,COP3530|COP4600|COP3502|CDA3101|CIS4930,moderate,medium,interactive
10000350,COP4600|PHY2048|STA2023,quiet,large,interactive
10000351,COP3530|CDA3101|CIS4930|COP4600,moderate,large,interactive
10000352,MAC2311|CIS4930|COP4600|CEN3031|CDA3101,lively,small,focused
10000353,CEN3031|PHY2048|MAC2311|COP3530|COP3502,quiet,large,interactive
10000354,COP3530|EEL3701|CDA3101,quiet,large,focused
10000355,COP4600|MAC2311|COP3502,moderate,medium,interactive
10000356,COP4600|MAC2311|STA2023,quiet,small,focused
10000357,CIS4930|COP3530|STA2023|EEL3701|MAC2311,lively,small,casual
10000358,PHY2048|STA2023|COP3530|COP4600,lively,medium,casual
10000359,COP4600|COP3530|COP3502|STA2023,moderate,large,focused
10000360,EEL3701|CIS4930|CDA3101|MAC2311|COP3530,quiet,large,casual
10000361,CIS4930|EEL3701|COP4600|MAC2311,quiet,large,casual
10000362,MAC2311|CEN3031|CIS4930|CDA3101,quiet,medium,casual
10000363,MAC2311|COP3530|STA2023|PHY2048,moderate,medium,interactive
10000364,CDA3101|COP3502|CEN3031|COP3530|STA2023,moderate,small,interactive
10000365,COP3530|CEN3031|CDA3101|MAC2311,lively,medium,interactive
10000366,CIS4930|CDA3101|EEL3701|MAC2311,quiet,small,casual
10000367,MAC2311|CIS4930|COP4600|PHY2048|COP3530,moderate,medium,focused
10000368,EEL3701|STA2023|COP3502|CDA3101,lively,large,interactive
10000369,CIS4930|PHY2048|COP4600|CDA3101,lively,large,interactive
10000370,EEL3701|MAC2311|COP4600,moderate,large,focused
10000371,COP4600|PHY2048|MAC2311|COP3530|CEN3031,moderate,medium,interactive
10000372,COP3502|CIS4930|CEN3031,moderate,medium,focused
10000373,STA2023|CEN3031|COP4600,lively,medium,focused
10000374,PHY2048|CDA3101|COP3530,moderate,small,casual
10000375,EEL3701|COP3502|CIS4930|STA2023,moderate,small,casual
10000376,COP4600|MAC2311|CDA3101|PHY2048,moderate,medium,interactive
10000377,STA2023|COP3502|PHY2048|CEN3031|CDA3101,lively,large,focused
10000378,EEL3701|STA2023|CDA3101|MAC2311,moderate,large,interactive
10000379,PHY2048|EEL3701|CIS4930|COP4600,lively,small,focused
10000380,CEN3031|COP4600|STA2023,moderate,medium,interactive
10000381,CDA3101|CIS4930|EEL3701|STA2023|PHY2048,lively,large,interactive
10000382,STA2023|EEL3701|CEN3031,lively,small,interactive
10000383,EEL3701|CIS4930|STA2023|COP4600,quiet,large,interactive
10000384,STA2023|CEN3031|COP4600|CDA3101,quiet,large,casual
10000385,PHY2048|STA2023|EEL3701|COP3530,quiet,small,casual
10000386,PHY2048|COP3502|COP4600|CDA3101,moderate,small,casual
10000387,EEL3701|CEN3031|COP3502|PHY2048,quiet,large,interactive
10000388,MAC2311|PHY2048|COP3530|CIS4930,lively,medium,focused
10000389,STA2023|COP3502|PHY2048|MAC2311|CIS4930,quiet,large,casual
10000390,MAC2311|CEN3031|COP4600,lively,medium,focused
10000391,CDA3101|CIS4930|PHY2048|COP3502,lively,medium,focused
10000392,PHY2048|COP4600|CEN3031|EEL3701|COP3530,quiet,large,interactive
10000393,STA2023|PHY2048|COP3502|CDA3101|CEN3031,moderate,medium,focused
10000394,CEN3031|COP4600|COP3530|PHY2048,moderate,medium,interactive
10000395,PHY2048|CEN3031|MAC2311|COP3502,lively,medium,focused
10000396,PHY2048|CIS4930|STA2023,quiet,medium,casual
10000397,PHY2048|COP3530|CEN3031,quiet,large,focused
10000398,COP3502|COP3530|COP4600,quiet,medium,casual
10000399,COP4600|EEL3701|CEN3031|CDA3101,quiet,large,focused
10000400,PHY2048|STA2023|COP3502,lively,medium,casual
10000401,COP3530|CEN3031|PHY2048|STA2023,moderate,medium,interactive
10000402,CEN3031|STA2023|COP3502|COP3530|MAC2311,lively,large,casual
10000403,CEN3031|MAC2311|CDA3101,quiet,large,casual
10000404,EEL3701|CEN3031|COP4600|COP3502,quiet,large,casual
10000405,COP4600|COP3502|COP3530|CEN3031,moderate,medium,interactive
10000406,COP4600|COP3530|PHY2048,lively,large,casual
10000407,COP3530|MAC2311|CDA3101|COP3502|COP4600,lively,medium,focused
10000408,CDA3101|EEL3701|MAC2311|CEN3031,moderate,large,focused
10000409,STA2023|CIS4930|COP3502|CDA3101,quiet,medium,casual
10000410,COP3502|EEL3701|STA2023|COP3530,quiet,large,focused
10000411,COP4600|CEN3031|STA2023,lively,small,casual
10000412,MAC2311|COP3502|CEN3031|STA2023,moderate,large,casual
10000413,COP3530|CDA3101|COP4600|PHY2048,quiet,large,focused
10000414,CEN3031|MAC2311|STA2023|CIS4930|COP3502,lively,medium,focused
10000415,STA2023|PHY2048|CEN3031|COP3530|MAC2311,lively,large,focused
10000416,CEN3031|COP3502|COP3530|STA2023,lively,large,casual
10000417,EEL3701|CIS4930|CDA3101,quiet,medium,focused
10000418,MAC2311|PHY2048|STA2023|COP3530,lively,large,casual
10000419,COP3530|PHY2048|STA2023,quiet,small,casual
10000420,PHY2048|COP4600|STA2023,quiet,small,focused
10000421,EEL3701|COP3530|MAC2311|CDA3101|PHY2048,lively,medium,focused
10000422,CIS4930|STA2023|CEN3031|COP4600,quiet,medium,interactive
10000423,CEN3031|CIS4930|COP3530|MAC2311|COP3502,moderate,small,interactive
10000424,CEN3031|COP4600|PHY2048|COP3530|EEL3701,quiet,large,focused
10000425,CDA3101|CIS4930|COP4600,quiet,small,interactive
10000426,COP3530|EEL3701|CEN3031,moderate,medium,focused
10000427,CIS4930|COP3530|COP4600,lively,medium,interactive
10000428,MAC2311|PHY2048|CIS4930|CDA3101|EEL3701,moderate,medium,casual
10000429,CDA3101|COP3530|STA2023|CEN3031,quiet,medium,focused
10000430,COP4600|CDA3101|MAC2311|PHY2048,quiet,medium,casual
10000431,COP3530|COP3502|COP4600|MAC2311,moderate,small,casual
10000432,COP4600|CIS4930|EEL3701,lively,large,casual
10000433,MAC2311|PHY2048|STA2023|COP3530|EEL3701,quiet,small,focused
10000434,COP3502|CDA3101|COP3530,quiet,medium,casual
10000435,MAC2311|STA2023|CEN3031|COP3530|EEL3701,quiet,large,focused
10000436,PHY2048|CDA3101|CEN3031|STA2023,quiet,medium,interactive
10000437,EEL3701|CEN3031|STA2023|PHY2048|COP3502,moderate,small,interactive
10000438,STA2023|CDA3101|MAC2311,quiet,large,casual
10000439,STA2023|PHY2048|EEL3701|COP3502|CDA3101,moderate,medium,interactive
10000440,PHY2048|CEN3031|EEL3701|COP3502,quiet,large,focused
10000441,COP3530|COP3502|CIS4930|EEL3701,moderate,small,casual
10000442,COP3530|CDA3101|COP4600|PHY2048|CIS4930,moderate,medium,focused
10000443,COP3502|EEL3701|PHY2048,moderate,medium,interactive
10000444,COP3502|STA2023|CEN3031|EEL3701|PHY2048,lively,large,interactive
10000445,CDA3101|COP3530|MAC2311|PHY2048,moderate,large,casual
10000446,CEN3031|MAC2311|EEL3701|COP3502|COP4600,lively,medium,interactive
10000447,PHY2048|COP3502|EEL3701|CIS4930,moderate,small,interactive
10000448,CEN3031|MAC2311|STA2023|COP4600,moderate,medium,focused
10000449,PHY2048|COP3502|EEL3701|CEN3031|CIS4930,lively,large,casual
10000450,STA2023|EEL3701|COP3502|CDA3101,moderate,small,casual
10000451,PHY2048|COP3530|CIS4930,moderate,medium,interactive
10000452,COP4600|CDA3101|PHY2048|STA2023|EEL3701,lively,medium,focused
10000453,COP3530|COP3502|CIS4930,lively,small,interactive
10000454,CEN3031|STA2023|MAC2311|EEL3701|COP4600,quiet,small,interactive
10000455,CEN3031|COP4600|CDA3101|MAC2311,lively,small,focused
10000456,CDA3101|MAC2311|CIS4930,moderate,large,focused
10000457,COP3502|PHY2048|CEN3031|COP3530|MAC2311,moderate,small,casual
10000458,EEL3701|CIS4930|PHY2048|CEN3031,moderate,small,interactive
10000459,MAC2311|PHY2048|CEN3031,lively,small,interactive
10000460,COP3502|COP4600|CIS4930|CEN3031,lively,large,interactive
10000461,CEN3031|PHY2048|COP3502,moderate,medium,focused
10000462,CIS4930|EEL3701|COP3502|STA2023,quiet,medium,interactive
10000463,CIS4930|COP3530|CDA3101|COP4600,lively,small,focused
10000464,STA2023|COP3530|COP4600|CEN3031,moderate,large,interactive
10000465,EEL3701|CDA3101|CIS4930|CEN3031|COP3502,moderate,small,focused
10000466,EEL3701|STA2023|COP4600,quiet,medium,casual
10000467,PHY2048|COP3530|CEN3031|EEL3701,quiet,medium,focused
10000468,PHY2048|MAC2311|EEL3701|COP3502|CIS4930,moderate,medium,focused
10000469,CEN3031|COP3502|COP4600|PHY2048,quiet,small,focused
10000470,CEN3031|STA2023|COP3502,lively,large,focused
10000471,MAC2311|CEN3031|EEL3701,lively,small,interactive
10000472,CIS4930|COP3502|MAC2311,quiet,small,focused
10000473,PHY2048|CEN3031|STA2023|COP4600|CDA3101,lively,large,casual
10000474,CEN3031|CDA3101|COP3502|COP3530|COP4600,quiet,large,casual
10000475,CEN3031|STA2023|EEL3701|COP4600|CIS4930,moderate,medium,casual
10000476,CEN3031|CDA3101|PHY2048,quiet,small,interactive
10000477,MAC2311|CIS4930|CEN3031,quiet,small,focused
10000478,COP3502|CDA3101|COP4600|CIS4930,quiet,medium,casual
10000479,PHY2048|CIS4930|COP4600|CEN3031|MAC2311,quiet,large,focused
10000480,MAC2311|COP3502|EEL3701|STA2023,quiet,small,focused
10000481,MAC2311|EEL3701|COP4600|CIS4930|COP3530,moderate,large,casual
10000482,STA2023|CDA3101|EEL3701|MAC2311,quiet,medium,casual
10000483,MAC2311|COP3530|CDA3101|EEL3701,moderate,large,casual
10000484,CEN3031|COP3502|CIS4930|STA2023,lively,small,interactive
10000485,EEL3701|STA2023|PHY2048,moderate,medium,casual
10000486,CIS4930|MAC2311|COP4600|COP3502|CEN3031,quiet,medium,interactive
10000487,CDA3101|MAC2311|COP4600|COP3502|CIS4930,moderate,medium,focused
10000488,CEN3031|CIS4930|COP3502,quiet,small,focused
10000489,CIS4930|STA2023|COP4600|EEL3701|CDA3101,quiet,medium,interactive
10000490,CDA3101|CEN3031|EEL3701|COP3530|COP3502,quiet,large,interactive
10000491,CDA3101|CEN3031|CIS4930|STA2023,quiet,medium,casual
10000492,CIS4930|COP4600|STA2023|COP3502,moderate,large,casual
10000493,PHY2048|MAC2311|COP4600,quiet,small,interactive
10000494,EEL3701|COP4600|STA2023,lively,large,focused
10000495,COP4600|CEN3031|COP3502|EEL3701|CIS4930,moderate,small,casual
10000496,CEN3031|COP3530|COP3502|EEL3701,quiet,small,casual
10000497,CIS4930|PHY2048|COP3530|CDA3101|CEN3031,lively,small,casual
10000498,CDA3101|COP3502|EEL3701|MAC2311|COP3530,lively,medium,casual
10000499,COP4600|COP3502|PHY2048|MAC2311|CIS4930,quiet,small,focused
10000500,COP4600|CEN3031|COP3502,lively,large,casual
10000501,CIS4930|PHY2048|CEN3031,quiet,large,interactive
10000502,STA2023|CIS4930|COP3502|CEN3031,quiet,large,focused
10000503,CDA3101|PHY2048|COP3530|CEN3031,quiet,small,interactive
10000504,PHY2048|COP4600|CIS4930,lively,small,interactive
10000505,CEN3031|COP3502|COP3530,lively,small,focused
10000506,CIS4930|EEL3701|COP4600|COP3530,moderate,medium,casual
10000507,PHY2048|CIS4930|COP4600|STA2023,quiet,small,interactive
10000508,COP3502|COP3530|CEN3031,quiet,medium,casual
10000509,STA2023|COP4600|COP3502,lively,medium,focused
10000510,STA2023|CIS4930|COP4600,moderate,small,interactive
10000511,COP3502|PHY2048|CEN3031,quiet,medium,focused
10000512,PHY2048|CEN3031|MAC2311,lively,medium,interactive
10000513,EEL3701|CIS4930|MAC2311|CDA3101|CEN3031,moderate,large,casual
10000514,CIS4930|PHY2048|MAC2311|STA2023|EEL3701,lively,small,casual
10000515,MAC2311|EEL3701|COP3530|STA2023|CIS4930,lively,small,interactive
10000516,CIS4930|COP3530|EEL3701,quiet,small,casual
10000517,CEN3031|COP3502|PHY2048|MAC2311,lively,large,focused
10000518,COP3530|STA2023|EEL3701|CEN3031,quiet,medium,focused
10000519,CDA3101|MAC2311|COP3502|CIS4930,moderate,medium,interactive
10000520,MAC2311|CDA3101|COP3530|EEL3701|PHY2048,moderate,small,focused
10000521,PHY2048|COP4600|CEN3031|COP3530|EEL3701,quiet,small,casual
10000522,CIS4930|COP3530|COP3502|EEL3701,lively,large,interactive
10000523,CDA3101|COP4600|CEN3031|STA2023,lively,large,casual
10000524,COP3502|STA2023|CDA3101|MAC2311,quiet,large,casual
10000525,COP3530|CEN3031|COP3502|CDA3101|PHY2048,moderate,medium,interactive
10000526,COP3502|CIS4930|MAC2311|EEL3701,moderate,small,casual
10000527,CEN3031|COP3502|COP3530|CIS4930|MAC2311,lively,large,casual
10000528,MAC2311|EEL3701|STA2023,moderate,medium,focused
10000529,COP3530|CIS4930|COP3502|CEN3031,quiet,medium,interactive
10000530,CIS4930|CDA3101|COP3530|CEN3031|COP3502,moderate,large,casual
10000531,PHY2048|STA2023|CDA3101|CIS4930,lively,large,focused
10000532,EEL3701|CDA3101|MAC2311,lively,small,focused
10000533,COP3502|STA2023|CEN3031|EEL3701,lively,small,casual
10000534,CDA3101|PHY2048|COP3530|CIS4930|EEL3701,moderate,medium,focused
10000535,CIS4930|MAC2311|EEL3701|COP3502,lively,large,casual
10000536,EEL3701|COP4600|PHY2048|CEN3031|CIS4930,quiet,medium,focused
10000537,PHY2048|COP3502|CDA3101|CEN3031,moderate,large,focused
10000538,COP3502|MAC2311|CEN3031,lively,large,casual
10000539,EEL3701|STA2023|COP4600|CIS4930,moderate,medium,focused
10000540,CIS4930|COP4600|CDA3101|MAC2311,quiet,medium,interactive
10000541,MAC2311|CDA3101|EEL3701,lively,medium,interactive
10000542,CDA3101|EEL3701|COP4600,lively,medium,interactive
10000543,COP3502|COP3530|EEL3701,quiet,large,interactive
10000544,MAC2311|COP4600|STA2023|CEN3031|COP3530,quiet,large,casual
10000545,CEN3031|COP3530|CIS4930|MAC2311,lively,large,focused
10000546,MAC2311|COP3530|STA2023,lively,medium,interactive
10000547,STA2023|EEL3701|MAC2311,lively,small,casual
10000548,CIS4930|STA2023|PHY2048|COP4600|MAC2311,quiet,large,focused
10000549,EEL3701|COP4600|COP3530,quiet,medium,casual
10000550,COP4600|STA2023|CIS4930|CEN3031,lively,small,interactive
10000551,COP4600|COP3502|MAC2311|CDA3101|PHY2048,quiet,large,focused
10000552,MAC2311|CEN3031|STA2023,moderate,medium,casual
10000553,STA2023|CEN3031|CDA3101,moderate,medium,focused
10000554,CEN3031|COP3502|STA2023,quiet,medium,focused
10000555,STA2023|EEL3701|COP3502,quiet,medium,interactive
10000556,PHY2048|STA2023|COP3502|CDA3101|EEL3701,moderate,medium,casual
10000557,CIS4930|COP3502|STA2023,lively,small,focused
10000558,COP4600|MAC2311|EEL3701,quiet,small,interactive
10000559,MAC2311|CDA3101|EEL3701|COP3530,moderate,small,casual
10000560,COP4600|CDA3101|COP3530|COP3502,lively,small,casual
10000561,MAC2311|COP3530|COP4600,moderate,large,focused
10000562,CEN3031|STA2023|EEL3701,quiet,small,interactive
10000563,COP3502|STA2023|COP3530|EEL3701,quiet,small,interactive
10000564,CIS4930|COP4600|CDA3101,lively,medium,interactive
10000565,COP4600|CIS4930|CDA3101|CEN3031|EEL3701,quiet,large,casual
10000566,EEL3701|CDA3101|COP3530|COP4600|CEN3031,quiet,large,casual
10000567,EEL3701|COP4600|MAC2311,quiet,small,interactive
10000568,CIS4930|COP3502|COP4600,moderate,small,casual
10000569,CEN3031|PHY2048|MAC2311|STA2023|EEL3701,quiet,medium,interactive
10000570,PHY2048|COP3530|MAC2311|CIS4930|COP3502,lively,medium,focused
10000571,MAC2311|STA2023|EEL3701|PHY2048,lively,large,casual
10000572,COP4600|CEN3031|COP3502|CIS4930,moderate,small,focused
10000573,COP4600|STA2023|CEN3031,lively,large,casual
10000574,MAC2311|CIS4930|COP3530|COP4600|CEN3031,lively,small,focused
10000575,STA2023|COP4600|CDA3101|COP3502,lively,large,focused
10000576,PHY2048|CEN3031|CDA3101|CIS4930,lively,medium,focused
10000577,PHY2048|CEN3031|CIS4930|MAC2311,lively,large,interactive
10000578,STA2023|COP3530|COP3502|EEL3701|MAC2311,moderate,large,focused
10000579,STA2023|COP3502|EEL3701|COP4600,lively,large,interactive
10000580,CEN3031|MAC2311|CDA3101|PHY2048,quiet,small,interactive
10000581,COP3502|COP3530|EEL3701|STA2023,moderate,large,interactive
10000582,CIS4930|CEN3031|COP3530,moderate,large,focused
10000583,PHY2048|STA2023|CDA3101|MAC2311,moderate,small,interactive
10000584,COP4600|PHY2048|CDA3101|COP3502|STA2023,moderate,small,casual
10000585,PHY2048|COP3530|STA2023,lively,large,focused
10000586,CDA3101|STA2023|COP3502,moderate,medium,interactive
10000587,PHY2048|CDA3101|COP4600|MAC2311,quiet,large,interactive
10000588,COP3530|CIS4930|MAC2311|STA2023|COP4600,quiet,large,casual
10000589,CDA3101|STA2023|COP4600|CEN3031,lively,small,casual
10000590,CDA3101|CIS4930|COP4600,quiet,large,interactive
10000591,COP3530|CIS4930|STA2023,quiet,small,focused
10000592,COP3530|EEL3701|CIS4930|CDA3101|MAC2311,lively,small,focused
10000593,COP3502|PHY2048|STA2023,quiet,medium,interactive
10000594,STA2023|CEN3031|COP3530|COP4600|MAC2311,quiet,large,focused
10000595,PHY2048|MAC2311|CDA3101|EEL3701,lively,medium,interactive
10000596,CDA3101|MAC2311|COP3502,moderate,large,focused
10000597,EEL3701|CDA3101|CIS4930|COP3502|COP4600,quiet,small,focused
10000598,COP3530|MAC2311|CEN3031|EEL3701|PHY2048,lively,small,interactive
10000599,COP3530|CEN3031|EEL3701,quiet,medium,casual
10000600,COP3502|EEL3701|CIS4930,quiet,small,casual
10000601,MAC2311|COP3530|CIS4930,quiet,large,focused
10000602,PHY2048|CEN3031|COP3530|COP4600|CIS4930,lively,small,casual
10000603,PHY2048|EEL3701|CDA3101|COP3530,quiet,large,casual
10000604,EEL3701|STA2023|MAC2311|CEN3031,quiet,medium,casual
10000605,PHY2048|COP3502|CDA3101|COP4600|MAC2311,moderate,medium,focused
10000606,COP3530|MAC2311|CEN3031|CDA3101,quiet,large,casual
10000607,PHY2048|CDA3101|CEN3031,moderate,medium,casual
10000608,CEN3031|PHY2048|EEL3701|COP3502|CIS4930,lively,medium,focused
10000609,CDA3101|CEN3031|STA2023,lively,medium,interactive
10000610,CIS4930|STA2023|COP3530,moderate,small,focused
10000611,EEL3701|CEN3031|STA2023|MAC2311|CDA3101,quiet,small,casual
10000612,EEL3701|COP3502|PHY2048,quiet,large,interactive
10000613,PHY2048|MAC2311|STA2023|CDA3101|EEL3701,quiet,medium,focused
10000614,COP4600|COP3502|STA2023|COP3530,lively,large,focused
10000615,CEN3031|COP3502|CDA3101|EEL3701|CIS4930,lively,large,casual
10000616,COP3530|COP3502|MAC2311|CEN3031|CDA3101,quiet,large,casual
10000617,EEL3701|CEN3031|STA2023,lively,large,casual
10000618,COP3530|COP3502|COP4600|CEN3031,moderate,large,focused
10000619,MAC2311|COP3502|EEL3701|COP3530|COP4600,moderate,medium,focused
10000620,COP4600|STA2023|COP3530|PHY2048|CDA3101,moderate,medium,interactive
10000621,CEN3031|STA2023|CIS4930|CDA3101|COP4600,quiet,medium,interactive
10000622,CDA3101|COP4600|MAC2311|STA2023,quiet,small,interactive
10000623,CIS4930|COP4600|PHY2048,quiet,medium,interactive
10000624,COP3530|CEN3031|STA2023|PHY2048|CDA3101,lively,large,interactive
10000625,PHY2048|STA2023|COP3530|CIS4930,lively,medium,focused
10000626,MAC2311|COP3530|STA2023|PHY2048,moderate,small,focused
10000627,EEL3701|CEN3031|MAC2311|COP3530,lively,medium,casual
10000628,EEL3701|COP4600|STA2023|CEN3031,lively,medium,interactive
10000629,STA2023|CDA3101|CIS4930|CEN3031|MAC2311,moderate,medium,focused
10000630,COP4600|COP3502|EEL3701|PHY2048|COP3530,lively,large,focused
10000631,COP4600|COP3502|CDA3101|EEL3701,lively,small,interactive
10000632,CDA3101|EEL3701|PHY2048,quiet,medium,interactive
10000633,PHY2048|CIS4930|CDA3101|CEN3031,lively,small,focused
10000634,CDA3101|EEL3701|MAC2311,moderate,small,interactive
10000635,EEL3701|MAC2311|CIS4930|COP3502,quiet,large,interactive
10000636,EEL3701|CDA3101|MAC2311,quiet,medium,interactive
10000637,COP3502|STA2023|COP3530|EEL3701,lively,medium,interactive
10000638,EEL3701|COP4600|PHY2048,moderate,medium,casual
10000639,CIS4930|CEN3031|EEL3701|PHY2048,quiet,small,casual
10000640,COP4600|EEL3701|MAC2311|STA2023,quiet,small,focused
10000641,EEL3701|PHY2048|COP3502|CEN3031,moderate,medium,casual
10000642,EEL3701|COP3502|MAC2311|COP3530|CDA3101,lively,medium,casual
10000643,COP4600|CEN3031|PHY2048|CDA3101|STA2023,lively,small,focused
10000644,CEN3031|COP3530|STA2023|EEL3701,lively,medium,interactive
10000645,PHY2048|MAC2311|COP3530,moderate,small,interactive
10000646,COP3502|COP4600|CIS4930|CDA3101,quiet,large,casual
10000647,CIS4930|PHY2048|CDA3101|COP3502|STA2023,moderate,medium,casual
10000648,MAC2311|COP3530|CDA3101|PHY2048,quiet,medium,interactive
10000649,PHY2048|COP3502|COP4600|CEN3031,moderate,large,casual
10000650,COP3502|CEN3031|STA2023|CDA3101|CIS4930,moderate,small,casual
10000651,PHY2048|EEL3701|CDA3101|MAC2311,moderate,medium,focused
10000652,COP4600|STA2023|CEN3031|EEL3701|CIS4930,quiet,medium,casual
10000653,COP3530|CIS4930|PHY2048|STA2023|EEL3701,lively,medium,interactive
10000654,CIS4930|EEL3701|STA2023,moderate,large,casual
10000655,EEL3701|CEN3031|STA2023,moderate,large,interactive
10000656,PHY2048|COP3502|CIS4930,lively,small,casual
10000657,CEN3031|CDA3101|EEL3701,quiet,large,focused
10000658,COP3502|PHY2048|COP3530|MAC2311,moderate,large,casual
10000659,CDA3101|CIS4930|STA2023,lively,large,focused
10000660,COP4600|MAC2311|CEN3031|STA2023,quiet,medium,interactive
10000661,COP4600|MAC2311|CEN3031,quiet,small,interactive
10000662,STA2023|COP3530|PHY2048|COP3502,quiet,small,interactive
10000663,COP3530|COP3502|MAC2311,moderate,medium,interactive
10000664,CIS4930|CDA3101|STA2023,moderate,large,focused
10000665,CEN3031|MAC2311|COP3530|CIS4930|CDA3101,quiet,medium,interactive
10000666,CEN3031|COP3530|MAC2311,lively,medium,casual
10000667,STA2023|CEN3031|CDA3101|PHY2048,moderate,small,interactive
10000668,CEN3031|CIS4930|COP3530|COP3502|CDA3101,lively,medium,interactive
10000669,STA2023|CEN3031|EEL3701,quiet,small,focused
10000670,CEN3031|MAC2311|CDA3101|EEL3701,lively,large,interactive
10000671,MAC2311|COP4600|PHY2048|COP3530,lively,medium,focused
10000672,COP3530|CIS4930|EEL3701,moderate,large,interactive
10000673,STA2023|CIS4930|EEL3701|COP3502|CDA3101,moderate,medium,focused
10000674,COP4600|COP3502|CDA3101|EEL3701|CEN3031,moderate,large,interactive
10000675,EEL3701|COP3530|CIS4930|CEN3031|STA2023,lively,medium,casual
10000676,MAC2311|COP4600|COP3502|CIS4930,lively,large,interactive
10000677,CDA3101|MAC2311|EEL3701|CIS4930|STA2023,lively,small,focused
10000678,EEL3701|MAC2311|COP4600|CEN3031|CDA3101,quiet,medium,casual
10000679,CEN3031|PHY2048|COP3502|EEL3701|STA2023,lively,medium,focused
10000680,COP3530|STA2023|COP4600|EEL3701,lively,small,casual
10000681,STA2023|CEN3031|CIS4930|PHY2048,lively,large,focused
10000682,EEL3701|CIS4930|COP4600|COP3530,quiet,small,interactive
10000683,CEN3031|EEL3701|CDA3101,quiet,medium,interactive
10000684,COP4600|COP3502|EEL3701|CIS4930,moderate,large,casual
10000685,COP4600|CEN3031|MAC2311|COP3502,quiet,medium,casual
10000686,PHY2048|CIS4930|COP4600|COP3530|EEL3701,lively,medium,interactive
10000687,COP3530|MAC2311|CIS4930,moderate,small,focused
10000688,STA2023|CEN3031|CDA3101,moderate,small,casual
10000689,COP4600|CDA3101|COP3502|CEN3031|CIS4930,quiet,large,casual
10000690,PHY2048|CDA3101|EEL3701,quiet,large,focused
10000691,CEN3031|CIS4930|COP4600|STA2023,quiet,large,casual
10000692,CDA3101|COP3502|EEL3701|PHY2048|CIS4930,lively,large,casual
10000693,COP3530|COP4600|CIS4930,quiet,small,interactive
10000694,PHY2048|STA2023|EEL3701|COP3530,lively,medium,casual
10000695,CEN3031|CDA3101|COP3530,lively,medium,focused
10000696,CEN3031|PHY2048|COP3502|STA2023,moderate,small,interactive
10000697,CIS4930|COP3502|MAC2311|COP3530,quiet,large,casual
10000698,COP4600|CDA3101|EEL3701,quiet,medium,casual
10000699,MAC2311|PHY2048|COP3502|COP4600|STA2023,quiet,large,focused
10000700,PHY2048|CIS4930|EEL3701|MAC2311|STA2023,quiet,large,focused
10000701,PHY2048|COP4600|STA2023,moderate,medium,casual
10000702,STA2023|CDA3101|PHY2048,moderate,small,focused
10000703,CEN3031|PHY2048|EEL3701,moderate,small,focused
10000704,CEN3031|STA2023|MAC2311|COP3502,quiet,medium,interactive
10000705,COP3502|CEN3031|COP4600,quiet,small,casual
10000706,CDA3101|EEL3701|COP4600|COP3502,moderate,medium,casual
10000707,CDA3101|EEL3701|CIS4930,quiet,small,focused
10000708,CDA3101|STA2023|CIS4930|COP3530,lively,small,casual
10000709,COP3502|COP3530|MAC2311|EEL3701,lively,small,interactive
10000710,MAC2311|PHY2048|EEL3701|COP3502|COP4600,moderate,small,interactive
10000711,CEN3031|MAC2311|EEL3701|CDA3101,lively,small,interactive
10000712,PHY2048|MAC2311|CIS4930,quiet,small,focused
10000713,STA2023|COP3502|EEL3701|CIS4930|CEN3031,lively,medium,interactive
10000714,STA2023|COP3502|MAC2311|COP3530|CIS4930,moderate,large,focused
10000715,COP3530|CDA3101|MAC2311|CIS4930|STA2023,quiet,medium,interactive
10000716,COP3530|COP3502|COP4600|MAC2311,quiet,large,casual
10000717,COP3530|MAC2311|CEN3031,moderate,small,casual
10000718,EEL3701|MAC2311|PHY2048|COP3530,lively,small,casual
10000719,COP3502|CEN3031|EEL3701,moderate,medium,interactive
10000720,PHY2048|MAC2311|CDA3101|COP3502|COP3530,lively,small,interactive
10000721,COP4600|STA2023|PHY2048|CDA3101|COP3530,lively,medium,casual
10000722,CEN3031|PHY2048|MAC2311,lively,small,focused
10000723,COP3502|COP4600|STA2023,lively,medium,casual
10000724,PHY2048|CDA3101|COP3502|CIS4930,quiet,large,interactive
10000725,PHY2048|CDA3101|COP4600|MAC2311|COP3502,lively,large,casual
10000726,MAC2311|COP4600|CIS4930|CDA3101|EEL3701,quiet,medium,casual
10000727,COP4600|COP3530|CDA3101|COP3502,lively,large,casual
10000728,CDA3101|COP3502|MAC2311,lively,small,interactive
10000729,EEL3701|CEN3031|COP4600|COP3502|CDA3101,quiet,small,interactive
10000730,PHY2048|COP3530|COP4600|CDA3101|CIS4930,lively,large,interactive
10000731,COP3502|CIS4930|CDA3101|STA2023|CEN3031,quiet,large,casual
10000732,COP3502|CIS4930|STA2023,moderate,medium,casual
10000733,MAC2311|STA2023|COP3530|COP4600|PHY2048,moderate,medium,casual
10000734,PHY2048|CEN3031|MAC2311|COP3502|STA2023,quiet,large,interactive
10000735,EEL3701|COP3502|CEN3031,quiet,large,casual
10000736,CIS4930|COP3530|PHY2048|STA2023,lively,large,casual
10000737,COP4600|COP3530|PHY2048|EEL3701|COP3502,lively,medium,focused
10000738,COP4600|STA2023|CEN3031,lively,medium,interactive
10000739,CDA3101|COP3502|CEN3031,lively,small,interactive
10000740,CEN3031|MAC2311|CIS4930|COP4600|COP3502,quiet,medium,focused
10000741,CDA3101|STA2023|PHY2048|EEL3701|CIS4930,moderate,medium,casual
10000742,CIS4930|STA2023|COP3530|COP4600|MAC2311,lively,large,interactive
10000743,CIS4930|MAC2311|COP4600|COP3530|CDA3101,lively,medium,focused
10000744,CEN3031|PHY2048|CDA3101|COP3530,quiet,small,focused
10000745,CIS4930|MAC2311|CDA3101|COP3502|STA2023,quiet,medium,interactive
10000746,CIS4930|EEL3701|STA2023|MAC2311,quiet,large,focused
10000747,CIS4930|CEN3031|STA2023|COP3530|MAC2311,lively,large,interactive
10000748,CEN3031|CIS4930|MAC2311,quiet,small,focused
10000749,EEL3701|STA2023|COP3530,lively,medium,interactive
10000750,EEL3701|COP3502|COP3530|MAC2311,moderate,large,focused
10000751,COP3530|CDA3101|CIS4930|MAC2311|EEL3701,lively,large,focused
10000752,CDA3101|COP3530|CIS4930,lively,small,focused
10000753,COP4600|CEN3031|CIS4930|STA2023|CDA3101,moderate,medium,casual
10000754,EEL3701|STA2023|CEN3031|MAC2311|COP3502,moderate,small,focused
10000755,CDA3101|PHY2048|CEN3031|COP3530|COP4600,quiet,large,casual
10000756,COP3502|CDA3101|STA2023|CEN3031|EEL3701,moderate,medium,casual
10000757,MAC2311|STA2023|CIS4930|CEN3031,moderate,large,interactive
10000758,STA2023|COP4600|COP3530|COP3502|PHY2048,lively,medium,casual
10000759,CIS4930|EEL3701|COP4600|STA2023,lively,small,interactive
10000760,CIS4930|COP3502|CEN3031|PHY2048,quiet,small,focused
10000761,CIS4930|EEL3701|COP3502|CDA3101,lively,large,focused
10000762,COP4600|MAC2311|COP3502,moderate,medium,casual
10000763,EEL3701|PHY2048|COP3530|STA2023|CIS4930,quiet,small,interactive
10000764,PHY2048|MAC2311|CIS4930|CDA3101|COP3530,moderate,small,focused
10000765,PHY2048|COP3502|CDA3101|CEN3031,quiet,medium,interactive
10000766,PHY2048|EEL3701|CIS4930|COP3530|CEN3031,lively,large,focused
10000767,CIS4930|CDA3101|CEN3031|EEL3701|MAC2311,lively,medium,casual
10000768,COP3530|CEN3031|STA2023|CIS4930,moderate,medium,interactive
10000769,CDA3101|COP3502|MAC2311,moderate,medium,interactive
10000770,STA2023|MAC2311|EEL3701,lively,medium,interactive
10000771,STA2023|COP3502|CEN3031|COP3530,quiet,small,casual
10000772,CIS4930|COP3530|PHY2048|COP3502,quiet,medium,interactive
10000773,STA2023|CIS4930|MAC2311|COP3530,quiet,small,interactive
10000774,COP4600|PHY2048|COP3530|MAC2311|STA2023,quiet,medium,focused
10000775,COP4600|PHY2048|STA2023|CIS4930,quiet,medium,casual
10000776,COP3530|COP4600|MAC2311,quiet,small,focused
10000777,COP3502|COP3530|EEL3701|CEN3031,quiet,medium,casual
10000778,PHY2048|MAC2311|CEN3031,lively,small,casual
10000779,COP4600|STA2023|COP3530|CDA3101|PHY2048,moderate,medium,casual
10000780,CIS4930|PHY2048|CDA3101|COP3502,quiet,medium,interactive
10000781,COP3502|COP4600|MAC2311|CIS4930,moderate,large,interactive
10000782,EEL3701|PHY2048|COP3530|CDA3101,quiet,medium,casual
10000783,COP4600|COP3502|EEL3701,moderate,small,casual
10000784,CDA3101|STA2023|CEN3031|COP3502,moderate,large,focused
10000785,CEN3031|MAC2311|STA2023|CIS4930|COP3530,lively,small,casual
10000786,MAC2311|CDA3101|PHY2048|COP4600,moderate,medium,focused
10000787,COP4600|CIS4930|COP3502,moderate,small,interactive
10000788,COP3502|COP3530|PHY2048,moderate,large,casual
10000789,COP3502|COP3530|MAC2311|PHY2048|COP4600,quiet,small,focused
10000790,MAC2311|STA2023|CIS4930|EEL3701|COP3502,moderate,medium,casual
10000791,CEN3031|COP4600|PHY2048|COP3502,quiet,small,focused
10000792,CIS4930|COP3502|EEL3701,moderate,small,interactive
10000793,PHY2048|EEL3701|MAC2311|CDA3101,quiet,medium,focused
10000794,EEL3701|PHY2048|COP3530|STA2023|COP4600,lively,medium,interactive
10000795,COP4600|CEN3031|COP3530|STA2023,quiet,medium,focused
10000796,EEL3701|CEN3031|CDA3101|COP4600,moderate,large,interactive
10000797,COP3502|STA2023|MAC2311|PHY2048|CDA3101,lively,large,casual
10000798,EEL3701|CEN3031|PHY2048|COP4600,lively,large,focused
10000799,COP3502|COP3530|CIS4930|MAC2311|CEN3031,moderate,large,casual
10000800,CDA3101|STA2023|MAC2311|PHY2048|EEL3701,lively,large,focused
10000801,CDA3101|MAC2311|CIS4930,quiet,small,interactive
10000802,CDA3101|COP4600|STA2023|CIS4930,moderate,small,casual
10000803,COP3530|CDA3101|CIS4930,quiet,small,interactive
10000804,CIS4930|EEL3701|PHY2048,quiet,medium,interactive
10000805,STA2023|PHY2048|CEN3031,quiet,large,casual
10000806,EEL3701|MAC2311|CDA3101,moderate,medium,casual
10000807,STA2023|EEL3701|COP3502|COP3530|COP4600,lively,large,interactive
10000808,MAC2311|COP4600|CDA3101|COP3530|PHY2048,moderate,large,focused
10000809,COP3502|COP4600|CDA3101|CIS4930|EEL3701,moderate,medium,casual
10000810,PHY2048|COP3530|STA2023|EEL3701|COP4600,moderate,medium,casual
10000811,MAC2311|PHY2048|CDA3101|COP3502,lively,large,focused
10000812,COP4600|STA2023|MAC2311,lively,small,interactive
10000813,CEN3031|COP3502|EEL3701|PHY2048,quiet,medium,focused
10000814,COP4600|STA2023|COP3502,lively,medium,casual
10000815,COP3530|EEL3701|MAC2311|COP4600,lively,large,interactive
10000816,COP3502|STA2023|PHY2048|EEL3701|CDA3101,lively,large,focused
10000817,CEN3031|CDA3101|EEL3701|COP3530,moderate,medium,interactive
10000818,CIS4930|CDA3101|COP3530|COP3502,lively,small,focused
10000819,COP3530|PHY2048|CDA3101,quiet,small,casual
10000820,COP3502|EEL3701|STA2023,lively,large,focused
10000821,EEL3701|STA2023|COP4600|CIS4930,quiet,large,focused
10000822,STA2023|PHY2048|CDA3101,quiet,large,casual
10000823,CDA3101|CEN3031|MAC2311|STA2023,moderate,large,casual
10000824,PHY2048|CEN3031|STA2023|MAC2311|EEL3701,moderate,medium,interactive
10000825,CDA3101|PHY2048|COP3502,lively,large,casual
10000826,MAC2311|CEN3031|CDA3101|COP3530|EEL3701,moderate,large,interactive
10000827,COP3530|STA2023|MAC2311|COP3502|PHY2048,lively,large,focused
10000828,EEL3701|COP3530|MAC2311,moderate,small,casual
10000829,EEL3701|COP3502|CIS4930|COP4600|MAC2311,quiet,large,interactive
10000830,CEN3031|CIS4930|EEL3701|STA2023|PHY2048,moderate,medium,interactive
10000831,COP3502|CDA3101|CIS4930|COP4600,moderate,large,casual
10000832,COP3530|CDA3101|EEL3701|COP4600|COP3502,quiet,large,casual
10000833,CEN3031|COP3502|PHY2048,lively,small,interactive
10000834,COP4600|MAC2311|EEL3701|CEN3031|PHY2048,lively,small,focused
10000835,COP3530|COP4600|CDA3101|EEL3701,moderate,medium,casual
10000836,CDA3101|PHY2048|COP4600,lively,large,casual
10000837,CDA3101|EEL3701|COP4600,moderate,large,focused
10000838,EEL3701|PHY2048|COP3502,lively,medium,focused
10000839,COP4600|EEL3701|PHY2048,moderate,large,focused
10000840,PHY2048|COP3530|EEL3701|MAC2311|COP4600,lively,medium,focused
10000841,COP3502|CIS4930|COP3530|PHY2048,moderate,large,focused
10000842,EEL3701|CIS4930|COP3530|CEN3031,lively,small,focused
10000843,MAC2311|CDA3101|CEN3031|STA2023,moderate,large,focused
10000844,CDA3101|EEL3701|COP3502|COP4600|COP3530,moderate,large,focused
10000845,MAC2311|CEN3031|COP4600|STA2023|COP3502,moderate,medium,focused
10000846,CIS4930|EEL3701|COP4600|COP3530,lively,medium,interactive
10000847,PHY2048|COP3502|EEL3701|COP4600,moderate,medium,interactive
10000848,CDA3101|EEL3701|COP4600|STA2023,lively,small,focused
10000849,EEL3701|CIS4930|MAC2311,quiet,small,casual
10000850,STA2023|CIS4930|CDA3101|MAC2311,quiet,small,casual
10000851,COP3530|CIS4930|COP4600|CEN3031|COP3502,moderate,medium,interactive
10000852,MAC2311|COP3502|CEN3031|STA2023|COP3530,quiet,large,casual
10000853,EEL3701|CDA3101|COP3502|STA2023,quiet,large,focused
10000854,PHY2048|STA2023|COP3530|COP3502|MAC2311,quiet,large,casual
10000855,PHY2048|EEL3701|STA2023,moderate,large,focused
10000856,CIS4930|EEL3701|STA2023|PHY2048|COP3530,lively,small,interactive
10000857,PHY2048|CIS4930|CEN3031|STA2023|COP3502,moderate,medium,focused
10000858,CDA3101|EEL3701|COP3530,moderate,large,casual
10000859,PHY2048|CEN3031|CIS4930|MAC2311,moderate,large,interactive
10000860,EEL3701|COP4600|CDA3101|STA2023,moderate,small,casual
10000861,CDA3101|STA2023|EEL3701,quiet,large,interactive
10000862,CIS4930|COP4600|EEL3701|COP3502,lively,medium,interactive
10000863,STA2023|CEN3031|CIS4930,quiet,small,interactive
10000864,CEN3031|EEL3701|PHY2048|CIS4930,quiet,small,focused
10000865,MAC2311|CEN3031|COP4600,quiet,large,focused
10000866,CEN3031|COP3502|CIS4930|COP4600,lively,large,interactive
10000867,CIS4930|STA2023|COP4600,quiet,small,interactive
10000868,MAC2311|COP4600|STA2023|CDA3101|CEN3031,quiet,medium,casual
10000869,CDA3101|COP4600|MAC2311,quiet,large,casual
10000870,CDA3101|CIS4930|COP4600|MAC2311,quiet,small,casual
10000871,EEL3701|CIS4930|CEN3031|COP3502|COP3530,quiet,medium,focused
10000872,COP3502|MAC2311|EEL3701,lively,small,interactive
10000873,CEN3031|CIS4930|COP3502|MAC2311,lively,small,focused
10000874,COP3530|CDA3101|COP3502,moderate,large,interactive
10000875,EEL3701|CDA3101|CIS4930,lively,medium,casual
10000876,COP3502|CDA3101|MAC2311,quiet,large,casual
10000877,COP3530|EEL3701|COP4600|CEN3031|STA2023,moderate,small,focused
10000878,COP4600|COP3502|MAC2311|STA2023|COP3530,quiet,small,focused
10000879,CEN3031|MAC2311|PHY2048|COP3502|CIS4930,moderate,medium,interactive
10000880,CEN3031|COP4600|EEL3701|PHY2048|CDA3101,lively,small,focused
10000881,MAC2311|CEN3031|EEL3701|CDA3101|CIS4930,moderate,large,interactive
10000882,EEL3701|CEN3031|COP4600|COP3530,moderate,small,focused
10000883,CEN3031|COP3530|COP4600,lively,large,interactive
10000884,PHY2048|MAC2311|CDA3101,moderate,medium,focused
10000885,MAC2311|CDA3101|COP3502|CEN3031,quiet,small,interactive
10000886,CEN3031|CIS4930|STA2023,moderate,large,focused
10000887,PHY2048|COP3502|STA2023|CEN3031,quiet,large,interactive
10000888,CEN3031|CIS4930|EEL3701|CDA3101|COP3530,quiet,medium,interactive
10000889,CDA3101|CEN3031|STA2023|COP4600,moderate,small,focused
10000890,EEL3701|STA2023|PHY2048|CDA3101,moderate,medium,casual
10000891,CIS4930|MAC2311|CDA3101|STA2023,lively,medium,interactive
10000892,COP3530|CDA3101|STA2023|COP4600,moderate,large,casual
10000893,COP3530|COP3502|STA2023|EEL3701,lively,large,casual
10000894,COP3530|CEN3031|MAC2311|CIS4930|CDA3101,quiet,large,interactive
10000895,COP3530|MAC2311|CEN3031,lively,medium,focused
10000896,COP4600|CEN3031|EEL3701,lively,small,focused
10000897,PHY2048|CDA3101|MAC2311,quiet,small,interactive
10000898,EEL3701|CIS4930|COP4600,lively,small,focused
10000899,STA2023|MAC2311|COP3530|CIS4930,moderate,small,focused
10000900,EEL3701|PHY2048|CEN3031|CIS4930|COP3502,lively,small,focused
10000901,CEN3031|CIS4930|COP3502,moderate,large,focused
10000902,CEN3031|CIS4930|STA2023,moderate,large,focused
10000903,COP4600|CEN3031|PHY2048,lively,large,focused
10000904,MAC2311|COP3530|CEN3031,quiet,medium,interactive
10000905,COP3530|COP3502|EEL3701|MAC2311|COP4600,moderate,large,casual
10000906,COP3502|EEL3701|COP4600|PHY2048|CDA3101,quiet,large,focused
10000907,COP3502|COP4600|PHY2048,lively,small,interactive
10000908,PHY2048|STA2023|COP3502|EEL3701|CEN3031,quiet,small,interactive
10000909,COP3502|CIS4930|CEN3031|STA2023,quiet,large,casual
10000910,EEL3701|PHY2048|CEN3031|MAC2311|STA2023,lively,medium,casual
10000911,COP3502|MAC2311|CIS4930|STA2023,moderate,medium,casual
10000912,COP3530|CEN3031|CIS4930,quiet,medium,focused
10000913,EEL3701|CIS4930|CEN3031|COP3502|CDA3101,lively,medium,casual
10000914,COP3502|STA2023|CEN3031|CDA3101,quiet,medium,casual
10000915,CEN3031|COP3530|PHY2048|STA2023|COP4600,lively,large,interactive
10000916,COP3502|MAC2311|PHY2048|CDA3101,lively,small,casual
10000917,COP4600|CIS4930|COP3502|CEN3031,lively,large,casual
10000918,STA2023|EEL3701|CEN3031,moderate,small,focused
10000919,EEL3701|CEN3031|PHY2048,quiet,small,focused
10000920,COP4600|COP3502|COP3530|CIS4930|STA2023,lively,large,casual
10000921,MAC2311|COP3502|EEL3701|CIS4930,moderate,large,interactive
10000922,CDA3101|EEL3701|COP3502|CEN3031,quiet,large,interactive
10000923,CEN3031|CDA3101|CIS4930|STA2023,moderate,medium,focused
10000924,STA2023|COP4600|COP3502,quiet,medium,casual
10000925,EEL3701|PHY2048|COP4600|STA2023|CDA3101,moderate,medium,focused
10000926,EEL3701|COP3530|COP3502,lively,small,casual
10000927,PHY2048|CDA3101|STA2023|EEL3701|COP4600,moderate,medium,casual
10000928,CIS4930|CEN3031|PHY2048,quiet,medium,focused
10000929,MAC2311|CDA3101|EEL3701|COP4600|COP3530,quiet,large,casual
10000930,STA2023|COP3530|CDA3101|COP3502,quiet,large,casual
10000931,CDA3101|COP3502|STA2023|CIS4930,lively,small,casual
10000932,CIS4930|CDA3101|MAC2311|PHY2048,lively,medium,focused
10000933,CIS4930|PHY2048|COP3530|CDA3101,moderate,large,casual
10000934,EEL3701|COP3502|CIS4930|COP3530,moderate,small,focused
10000935,CEN3031|STA2023|COP3530|COP3502,moderate,medium,focused
10000936,COP3530|EEL3701|PHY2048|CDA3101,moderate,medium,focused
10000937,COP3530|STA2023|COP4600|MAC2311|CDA3101,lively,small,focused
10000938,COP3530|MAC2311|COP4600|STA2023,lively,large,casual
10000939,CEN3031|EEL3701|CIS4930|MAC2311|STA2023,lively,large,focused
10000940,STA2023|COP3502|EEL3701|COP4600|PHY2048,moderate,medium,interactive
10000941,PHY2048|EEL3701|CIS4930|MAC2311,lively,small,focused
10000942,COP3530|PHY2048|COP3502|EEL3701|MAC2311,lively,small,casual
10000943,MAC2311|EEL3701|CEN3031|STA2023,quiet,small,interactive
10000944,CIS4930|MAC2311|COP3502|EEL3701|STA2023,moderate,medium,focused
10000945,CDA3101|PHY2048|EEL3701,moderate,medium,focused
10000946,COP3530|STA2023|CEN3031,quiet,medium,focused
10000947,CDA3101|COP4600|EEL3701|PHY2048,quiet,medium,casual
10000948,COP3530|CIS4930|EEL3701|CEN3031|COP4600,lively,small,casual
10000949,COP4600|COP3502|CDA3101|CIS4930,lively,medium,casual
10000950,CDA3101|PHY2048|COP4600,lively,large,focused
10000951,MAC2311|STA2023|COP3502|COP4600|PHY2048,lively,large,interactive
10000952,EEL3701|PHY2048|CEN3031,moderate,medium,focused
10000953,CDA3101|COP3530|CEN3031,lively,medium,casual
10000954,CEN3031|COP3502|CDA3101|STA2023,quiet,medium,casual
10000955,COP4600|CDA3101|MAC2311|PHY2048|CEN3031,lively,large,focused
10000956,CIS4930|COP3530|EEL3701|COP3502|PHY2048,quiet,large,interactive
10000957,EEL3701|COP4600|CIS4930,quiet,large,focused
10000958,STA2023|COP4600|CDA3101|COP3530|EEL3701,quiet,large,focused
10000959,COP3530|CIS4930|MAC2311|COP4600|STA2023,quiet,large,focused
10000960,CDA3101|COP4600|STA2023|CEN3031|PHY2048,quiet,medium,casual
10000961,STA2023|EEL3701|CDA3101|MAC2311,lively,large,focused
10000962,EEL3701|PHY2048|STA2023|CDA3101|COP4600,moderate,medium,interactive
10000963,CEN3031|STA2023|CDA3101|PHY2048,quiet,large,interactive
10000964,COP4600|STA2023|COP3530|PHY2048|CEN3031,quiet,medium,interactive
10000965,PHY2048|EEL3701|CDA3101|COP4600,moderate,large,casual
10000966,STA2023|PHY2048|COP4600,lively,medium,casual
10000967,EEL3701|MAC2311|PHY2048|COP3502,lively,large,casual
10000968,COP3502|STA2023|CDA3101,lively,large,focused
10000969,PHY2048|STA2023|COP3530|COP4600,lively,medium,focused
10000970,CEN3031|COP3530|EEL3701,lively,large,interactive
10000971,COP3502|CEN3031|CIS4930,moderate,small,focused
10000972,PHY2048|CIS4930|CEN3031,moderate,medium,casual
10000973,CDA3101|CIS4930|COP4600|COP3530|MAC2311,quiet,small,casual
10000974,PHY2048|MAC2311|CIS4930|EEL3701|COP3502,lively,large,interactive
10000975,PHY2048|EEL3701|COP3502|CDA3101,moderate,small,focused
10000976,CIS4930|PHY2048|EEL3701|CDA3101,lively,medium,interactive
10000977,MAC2311|COP3502|CDA3101|COP3530,lively,large,interactive
10000978,CIS4930|COP4600|COP3530|STA2023,lively,medium,focused
10000979,CEN3031|MAC2311|COP3502,moderate,large,focused
10000980,PHY2048|MAC2311|COP3530|EEL3701|COP3502,lively,small,casual
10000981,EEL3701|STA2023|MAC2311|CDA3101,moderate,small,casual
10000982,COP3502|CEN3031|MAC2311|CIS4930,lively,medium,casual
10000983,CEN3031|STA2023|MAC2311|CIS4930,quiet,large,focused
10000984,CIS4930|CEN3031|EEL3701,moderate,large,casual
10000985,PHY2048|EEL3701|MAC2311|CEN3031,quiet,large,interactive
10000986,PHY2048|EEL3701|CEN3031|COP3502,lively,large,casual
10000987,EEL3701|CEN3031|CIS4930|MAC2311|COP3530,quiet,small,interactive
10000988,CEN3031|COP3530|STA2023,quiet,small,casual
10000989,CIS4930|CDA3101|STA2023|COP4600,quiet,small,focused
10000990,EEL3701|COP4600|CIS4930|COP3502|MAC2311,lively,large,focused
10000991,STA2023|COP3530|CEN3031,moderate,small,focused
10000992,COP3530|COP3502|COP4600|MAC2311,moderate,small,casual
10000993,CIS4930|COP3530|PHY2048|STA2023,lively,medium,focused
10000994,COP4600|COP3502|EEL3701|PHY2048|MAC2311,lively,small,casual
10000995,STA2023|COP3502|PHY2048|CIS4930|MAC2311,lively,large,casual
10000996,MAC2311|CDA3101|COP3530,moderate,small,casual
10000997,COP4600|PHY2048|COP3502|CEN3031,quiet,large,focused
10000998,COP3530|COP3502|CEN3031|CDA3101|PHY2048,quiet,large,casual
10000999,COP3502|EEL3701|CEN3031,quiet,medium,casual
